text,label
Pace drops by 2.1 possessions per 48 minutes in the fourth quarter of close games. Slowing down in crunch time appears to be a deliberate tactical choice.,analysis
Switching coverage works against most opponents but gives up 128 points against teams with dominant post players. The scheme has a known exploitable weakness.,analysis
Just got home from the watch party and I cannot come down. That game will be talked about in this city for years. I was there for it. I witnessed it.,reaction
Broadcast contracts are too intertwined with scheduling and officiating decisions. The structural conflict of interest is obvious and nobody in power will address it.,hot_take
Load management data: the star has played 63 games. Research shows 65-to-70 game players reach higher playoff performance ceilings than sub-60-game players.,analysis
"Their second-unit scores 118 points per 100 possessions, ranking third leaguewide. The bench is carrying more offensive weight than box scores show.",analysis
"Turnover rate on designed out-of-bounds plays is 4.1 percent, leaguewide average is 6.8 percent. Their execution on these high-stakes possessions is measurably better.",analysis
"The aging curve model for his player archetype places peak decline onset around 31-32, giving this franchise an estimated three-to-four-season championship window.",analysis
"Their defensive rebounding rate when protecting a 6-point fourth-quarter lead is 71.2 percent, below league average. Late-game board protection is a specific weakness.",analysis
The play-style that wins regular season games is not the play-style that wins playoff series. This team has optimized for the wrong metric and will find out in May.,hot_take
Two players rank in the top 15 leaguewide in win shares per 48 minutes. Dual-elite contributors is historically the strongest single predictor of deep playoff runs.,analysis
"This player is washed. You can cite the counting stats all you want, but the eye test tells a different story and the eye test does not lie.",hot_take
Tanking franchises are defrauding their fans. They sell false hope while management profits from keeping payroll low and collecting revenue sharing.,hot_take
The announcer going silent for three full seconds after that shot was everything. Nothing needed to be said. Let the moment breathe.,reaction
Career trajectory by age-27 statistical benchmarks aligns with three comparable Hall of Famers. The comps suggest a 15-year career if he stays healthy.,analysis
First time watching this team live and they put on that performance. I am now a fan. I did not expect to leave feeling that way. They converted me tonight.,reaction
"Advanced metrics have given front offices permission to ignore the eye test entirely, and the result is a generation of analytically correct but visually boring teams.",hot_take
Win probability calibration shows they go 8-14 in games where they are projected as 70-percent-or-greater favorites. They consistently underperform late-game leverage.,analysis
"The backup point guard has a plus-minus of plus-4.8 per 100 possessions, one of the best on the roster, yet plays under 20 minutes per game.",analysis
His celebration after that clutch three tonight was the most unguarded I have seen a professional athlete be in years. You cannot fake that kind of joy.,reaction
Teams with a top-5 defensive rating in January have reached the Finals 70 percent of the time over the last 15 seasons. This team fits that profile.,analysis
Saying this unpopular thing: the player's legacy is built on favorable era comparisons. Put him in any other decade and the debate changes substantially.,hot_take
I watched that ankle-breaker ten times and still cannot explain how the defender ended up on the floor. That should not be humanly possible.,reaction
"Box plus-minus data places their supporting cast as the strongest in the league around a star player, which explains their overperformance relative to projections.",analysis
The team's star player is the locker room problem. The front office knows it. The media covers for it. The veterans who leave tell the same story.,hot_take
That lob dunk in the third quarter made the entire section around me erupt simultaneously. I hugged a complete stranger and he hugged me back.,reaction
That technical foul call made me literally stand up and yell at my television. My wife walked out of the room. Completely unjustifiable call at that moment.,reaction
Just left the arena. My voice is gone. My ears are ringing. That overtime was the best basketball I have ever watched live. Cannot stop smiling.,reaction
The franchise player under 25 is the only asset that actually matters in modern NBA construction. Teams that trade theirs away are operating on the wrong timeline.,hot_take
That dunk tonight will be the first clip in his career retrospective documentary someday. That is the moment everything clicked for him publicly.,reaction
Half of their turnovers are live-ball turnovers that convert directly into opponent fast-break points. The raw turnover total understates the real cost.,analysis
"Hot take: the MVP award has nothing to do with individual value. It goes to the best player on the best team, every year, without exception.",hot_take
The free agency system as currently structured allows the richest teams to circumvent the spirit of competitive balance through sign-and-trade mechanics.,hot_take
This trade was organizational malpractice. The front office gave away a franchise-altering asset for a guy who is already past his ceiling.,hot_take
The league has never been softer than it is right now. A flagrant foul today would have been a routine play in 1998. Officiating has changed the DNA of the game.,hot_take
That steal and finish in transition with three seconds left is going on my personal sports highlight reel. I will be telling that story for decades.,reaction
This franchise has not made a real commitment to winning in twenty years. The ownership profits from mediocrity and the fanbase keeps funding it.,hot_take
That offensive rebound and put-back with 0.4 seconds left is going to live in my memory as long as I watch basketball. The arena just erupted.,reaction
Post-game press conference tonight had me tearing up. The way he talked about what this win meant to his family was completely genuine. Hard to watch dry-eyed.,reaction
"Their clutch net rating of plus-6.8 ranks second in the league, suggesting the late-game rotations and play design are genuinely effective.",analysis
They shoot 38.8 percent from three with two or more passes versus 31.2 percent off isolation. Ball movement directly and measurably improves shot quality.,analysis
"The team's true shooting gap between home and away games is 4.1 percentage points, one of the league's largest. Worth investigating as a schedule or altitude effect.",analysis
"Their effective field goal percentage in the paint is 63.4 percent, indicating the spacing is generating quality layups and dunks rather than contested long twos.",analysis
"Assists on made threes represent 71 percent of their three-point field goals, the highest leaguewide. Pass-first team identity is measurably consistent.",analysis
The draft lottery is broken. Rewarding the worst franchises with the best picks creates perverse incentives that hurt the entire product.,hot_take
The current CBA has created a league where teams outside the five largest markets cannot realistically compete for a championship. That is a structural failure.,hot_take
This player was handed two championships by playing alongside the best supporting cast of the modern era. Strip that away and nobody remembers his name.,hot_take
I was there in person for that buzzer-beater and the noise was something I have never experienced in twenty years of going to games. Unforgettable.,reaction
The analytics movement has made basketball worse to watch. Hunting corner threes and paint finishes for three hours is not interesting basketball.,hot_take
The starter turnover rate of 12.3 percent when fatigued in back-to-back second nights is the primary driver of their 18-percent pace slowdown in those situations.,analysis
Their eFG differential between home and road is the fifth largest in the league. Travel schedule and altitude cannot fully explain the gap; officiating patterns warrant scrutiny.,analysis
A three-point attempt rate of 45 percent requires reliable mid-range options as a counter when defenses pack the paint; they currently lack that counter.,analysis
"This coach has one play: go to the star in isolation. When that does not work in a playoff series where the defense has prepared for it, the season ends.",hot_take
The best player in the league right now is not who the national media has decided it is. There is a deliberate narrative being maintained for market reasons.,hot_take
"The team defensive rating improved 8 points since the trade deadline, driven primarily by better transition defense and improved paint coverage.",analysis
"This star's supporting cast has been systematically better than his contemporaries for his entire career. Titles reflect the roster, not just the top player.",hot_take
"The aging curve literature puts his peak at 27-29. He is currently 27, so the next two seasons should represent his statistical ceiling.",analysis
This franchise has the talent to compete right now and is blowing the window through cowardice. They are not trying to win. They are trying not to fail.,hot_take
This front office has made the same mistake four years in a row: they prioritize name value in free agency over positional fit. The results reflect that.,hot_take
The salary cap should be a hard cap with no exceptions. The luxury tax is a joke. Large market teams treat it as a cost of doing business and it is uncompetitive.,hot_take
"Their shot distribution is 42 percent at the rim, 18 mid-range, 40 three-pointers, which matches the analytically optimal profile for a modern offense.",analysis
The team's defensive identity has been declining for three years under this coach and no one in the media wants to say it directly because he is well-liked.,hot_take
Three overtimes and I have work at 7am and I cannot bring myself to regret a single minute of it. This team earned every bit of that crowd tonight.,reaction
The media has decided who the villain is and who the hero is in this situation before a single fact was established. Follow the coverage pattern and ask why.,hot_take
That fourth quarter tonight changed my entire opinion of this team. They showed something I did not know they had. Completely different respect level.,reaction
His post-game interview tonight after scoring 52 was the most emotional I have seen from a professional athlete in years. I cannot stop thinking about it.,reaction
"Defensive points allowed in the final two minutes of close games is 1.05 per possession, the worst rate leaguewide. Late-game defensive execution is a real problem.",analysis
The look on his face after hitting that overtime shot is a perfect sports photograph. Pure relief and disbelief at the same time. Beautiful moment.,reaction
No team outside the four largest markets has won a championship since 2004. At some point that stops being a coincidence and starts being a structural feature.,hot_take
The award this player just won should have gone to one of three other players. Voters chose name recognition over the statistics. It happens every single year.,hot_take
The arena was shaking when he hit that three. I felt it in my chest. That is something I will describe to people for the rest of my life.,reaction
This player is not as good as his contract. Full stop. The front office's obsession with him is going to cost them their championship window.,hot_take
"This player reputation was constructed by a PR machine, not by on-court production. Compare his performance in elimination games. The case collapses.",hot_take
This trade deadline was the worst performance by a front office I have seen in years. They sold assets at a discount and bought liabilities at a premium.,hot_take
Transition offense ranks 8th but transition defense ranks 22nd. The variance in their game scores traces directly back to whether they get back in time.,analysis
"Their offensive rating adjusted for pace and schedule strength is 3 points higher than the raw number, making them look more efficient in context.",analysis
His face when he saw the scoreboard after hitting that three and realized they had won was pure unscripted joy. That is why sports exist.,reaction
That block in the final second literally made me scream out loud alone in my apartment. My neighbors definitely hate me now.,reaction
Did anyone else just completely lose it on that alley-oop? I jumped off my couch and scared the dog. That play was unreal.,reaction
"The defensive scheme's primary weakness against isolation post play is quantifiable: they give up 1.12 points per possession on post-ups, 0.18 above league average.",analysis
This player was never clutch. The moments people cite are cherry-picked from a sea of mediocrity. His performance in series-deciding games is the actual record.,hot_take
The player empowerment era has been good for players and bad for fans. Franchises cannot build continuity because stars leave before their contracts expire.,hot_take
Transition defense rate is below average when their primary ball handler is the center after made baskets. Teams are exploiting this positioning systematically.,analysis
The three-point revolution was good for efficiency but terrible for aesthetics. Spacing the floor to extinction has made basketball less physically interesting.,hot_take
The kid just scored 48 points on his birthday in overtime and I have watched the highlights four times and I still cannot fully believe it happened.,reaction
Half-court offensive rating ranks 6th while transition offense ranks 3rd. The value creation is more balanced than teams with a single-mode style.,analysis
Watching that shot drop in real time was the single greatest sports moment of my life. I do not care what happens the rest of the season.,reaction
"Two minutes left, down by one, and I literally cannot breathe. This is why I watch sports. Nothing else feels like this.",reaction
The league's officiating inconsistency is not an accident. It is the result of officials making judgment calls shaped by who is on the court. The data support this.,hot_take
This coaching staff has had three seasons to figure out the late-game offense and they still cannot execute a functioning play under pressure. That is on the coach.,hot_take
That ejection just killed us. We were up five with eight minutes to go and now we are trying to close without our best defender. I am furious.,reaction
I turned off the game at halftime because I thought it was over. Just got the notification. I am an idiot. I should never have doubted.,reaction
The hockey-assist rate for this player is the highest on the team. His true playmaking impact is significantly larger than conventional assist totals reflect.,analysis
That tip-in at the buzzer sent me off my couch and into the ceiling. I have watched the replay eleven times. I will watch it eleven more times tonight.,reaction
I have been a season ticket holder for eleven years and tonight was the best regular season game I have been to. That crowd in the fourth quarter was special.,reaction
Team loyalty is functionally dead in the modern NBA. Players should stop receiving credit for it because they leave the moment a better deal appears.,hot_take
The standing ovation he received when he checked in for the first time since the injury was one of the most genuinely moving sports moments I have witnessed.,reaction
Their second-chance point rate is 28.3 percent for the second unit. Generating extra possessions compensates for lower first-shot quality in bench lineups.,analysis
This player will never win a championship because he refuses to subordinate his ego to a team structure. Talent without buy-in is worthless in the playoffs.,hot_take
That sequence at the end of regulation with three turnovers in four possessions made me age ten years in two minutes. My blood pressure cannot survive this.,reaction
The current play-in tournament format dilutes the regular season and rewards mediocrity. It should be eliminated and replaced with a stricter playoff cutoff.,hot_take
The three they just hit to tie it with eleven seconds left made me physically sick with anxiety. I am too old for these kinds of games.,reaction
The league peaked in the early 2000s. What we have now is the softest era of basketball in history and people are too invested to say it.,hot_take
Two players rank in the top 15 leaguewide in win shares per 48. Historical data shows having two elite-level contributors is the strongest playoff predictor.,analysis
My daughter asked why I was crying after the buzzer. I told her it was because the good guys won tonight. She accepted that answer. Kids are great.,reaction
This team has every ingredient for a championship run and will fail because the head coach does not know how to manage a roster with this much talent.,hot_take
"Per-36-minute production at age 22 ranks among the top ten historically for players at his position. The sample now spans two full seasons, making it reliable.",analysis
I was in line at the concession stand when he hit the half-court shot at the buzzer. I heard the arena explode and sprinted back to my seat for the replay.,reaction
This ownership group should be forced to sell. Twenty years of evidence says they will never prioritize winning over cost control. Fans deserve better.,hot_take
Three shooters around the pick-and-roll creates a spacing problem the defense cannot solve without sacrificing either the roll man or the corner three.,analysis
Hot take: load management is the players refusing to earn their salaries. The fans who pay full price to watch a backup are being disrespected.,hot_take
Lineups with this player on the bench rebound at 73.4 percent versus 69.2 with him on the court. The defensive rebounding assignment structure changes.,analysis
That play call on the final possession was either genius or lunacy and I will not know which one it was until I have had a full night to think about it.,reaction
This team's culture is toxic at the ownership level. No coaching hire or player acquisition can fix a problem that starts at the top of the organization.,hot_take
"The award voting is broken. Voters watch highlight packages and media coverage, not games. The awards measure publicity, not performance.",hot_take
Just got the injury news during the third quarter and the whole vibe in the building changed immediately. You could feel everyone deflate at the same time.,reaction
The current media ecosystem rewards hot takes about certain players and punishes honest criticism. The coverage is not journalism; it is narrative management.,hot_take
The look on the coach's face when the final buzzer went was everything. You could see how much this win meant to the entire organization.,reaction
That no-call at the end of regulation is going to live rent-free in my head for weeks. I know it. I accept it. I am still furious about it.,reaction
I cried during the fourth quarter of tonight's game and I am not ashamed. This team has been through so much and watching them pull it out was overwhelming.,reaction
That crossover in the third quarter made me jump out of my seat at a sports bar. Three strangers high-fived me. Basketball is incredible.,reaction
The three-point line should be pushed back. It is too easy at the current distance and it has changed the game in ways that are aesthetically terrible.,hot_take
The statistical era has made it too easy to justify keeping a player whose overall impact is clearly negative. Not everything shows up in the numbers.,hot_take
"Using expected value models on late-game fouling decisions, the team leaves roughly 2.5 wins per season on the table by not fouling up three more aggressively.",analysis
On-off differential has improved each of the last four seasons. Monotone improvement over four seasons is statistically the strongest predictor of further development.,analysis
The ref just called that foul and I threw my remote across the room. I am done. That was the most obvious non-call I have ever seen live.,reaction
I have been checking my phone every two minutes since the injury update dropped. Just relieved it is not as serious as it looked. That fall was terrifying.,reaction
That injury scare in the second quarter had the entire arena holding its breath. The relief when he stood up and walked off under his own power was palpable.,reaction
Their offensive rebound rate of 28.3 percent for the second unit generates enough extra possessions to compensate for lower quality shot selection.,analysis
The center contests 6.2 shots per game at the rim. Opponents shoot 54 percent with him contesting versus 68 percent uncontested. Measurable deterrence effect.,analysis
Their net rating in the first quarter is plus-5.1 but drops to minus-0.9 in the fourth. Fatigue management and rotational depth are the proximate causes.,analysis
"Coaching challenge record is 9-3, best in the league. Disciplined use of replay review is directly converting into recovered possessions across the season.",analysis
The officiating is not incompetent. It is consistent enough that the pattern of who benefits is not explainable by randomness. Make of that what you will.,hot_take
This coach should be fired before the season ends. Waiting until the summer to make the change just wastes more games and more of this roster prime.,hot_take
"Zone defense makes up 34 percent of their defensive possessions, highest in the league. Opponents shoot 47.2 eFG in zone versus 51.4 against their man coverage.",analysis
Saying this plainly: this franchise was gifted a dynasty-era schedule that inflated their championship total. Historians will correct the record eventually.,hot_take
This player's decline arc is accelerating faster than the team is willing to acknowledge. The contract they signed him to is already an albatross at year one.,hot_take
I fell asleep on the couch in the third quarter and woke up during overtime. Best sleep of my life. Best overtime of my life. What a night.,reaction
My roommate had to physically stop me from throwing something after that call in the fourth. I know it is just a game. I do not care. That was wrong.,reaction
Their defense against pick-and-roll ball handlers ranks third-worst leaguewide. Teams that run heavy ball-screen offense should target this systematically.,analysis
The energy when he returned from injury in the second half was electric through the television. You could feel how much it meant to the whole building.,reaction
I went to bed after the third quarter. Checked my phone at 2am. Could not sleep after reading the final score. Stared at the ceiling for an hour.,reaction
"This coach is the most overrated in the league. His rotations are incoherent, his in-game adjustments do not exist, and his players succeed despite him.",hot_take
"The team's pace differential, running faster early in the shot clock, correlates with a net swing of plus-7 wins over the course of the season.",analysis
Just saw the trade news. I have been staring at my phone for five minutes trying to process this. This team looks completely different now.,reaction
The stretch-four lineup outscores opponents by 12.3 per 100 possessions across 180 tracked possessions this season. The sample is large enough to trust.,analysis
The player projects to play 63 regular-season games. Historical data shows players at 65-70 games per season have measurably better playoff performance outcomes.,analysis
I have watched that dunk forty times since the game ended. It gets better every single time. That is pure basketball joy.,reaction
The league wants big-market franchises in the Finals because that is what the television contracts require. This is not a conspiracy theory. It is just business.,hot_take
Officiating in this league has a pro-large-market bias and anyone who thinks otherwise has not been paying close enough attention over the past decade.,hot_take
"Wait, they just traded him? I found out mid-game and could not even finish watching. I am genuinely heartbroken right now.",reaction
Isolation efficiency dropped from 0.92 to 0.84 points per possession. Opponents have adjusted their coverages; the team has not yet counter-adjusted.,analysis
Trading this superstar was the single worst front office decision of the past decade. They will not recover from it in this generation of roster building.,hot_take
"Their offensive rating has a 0.87 R-squared correlation with three-point percentage. When threes fall they win; when they do not, they lose. High variance style.",analysis
I cannot believe what I just watched. That comeback from 18 down with 6 minutes left should not have been physically possible. I am still shaking.,reaction
Hot take: the best thing that could happen to this franchise is a catastrophic losing season that forces a full rebuild. Incremental improvement is not an option.,hot_take
"Their second-chance points allowed per game is 12.6, worst in the conference. It is a structural problem with the defensive scheme, not individual effort.",analysis
"Comparing win-probability added per possession by lineup, the small-ball unit with the stretch four is plus-0.08, which over a full game is the equivalent of 8 points.",analysis
Just processed the trade and I think I am okay with it. It took thirty minutes but I got there. Different team now. Let's see what they build.,reaction
Max contracts for bench players are the single biggest structural problem in the NBA. The NBPA has negotiated arrangements that harm competitive balance.,hot_take
This player will never be an MVP candidate. Not because of circumstances or teammates but because he flinches in the games that matter most.,hot_take
"At current pace he projects to 25,000 career points. Five players at the same age with the same scoring rate reached the Hall of Fame.",analysis
Every player who forced a trade out of a small market chose money and spotlight over winning. They should not be celebrated for it. Hold them accountable.,hot_take
"The shot that sent it to overtime came off the backboard, hit the rim twice, and fell in. Basketball decided it was not done with us tonight.",reaction
I walked out of the arena mid-fourth quarter because I could not watch. Then got the text. Turned around. Ran back in. Made it for overtime. Worth it.,reaction
Player empowerment has permanently damaged franchise loyalty. The consequences are visible in how the league has lost regional identity and stability.,hot_take
I legitimately could not watch the free throws at the end. I turned away from the screen. I am not proud of it. I am just being honest about what that game does to me.,reaction
Ball screen frequency increased from 28 to 34 per game after the coaching adjustment. That schematic shift is reflected directly in improved half-court efficiency.,analysis
He got a standing ovation from both sides of the arena when he subbed out in the fourth tonight and that is something I did not expect to see. Rare moment.,reaction
This team's fans are the most delusional in the league. They think every year is a championship year because they refuse to evaluate the roster honestly.,hot_take
That chase-down block from behind with two minutes left is the defining play of his career to this point. The crowd reaction said everything.,reaction
Their steal rate is elite but their foul rate is correspondingly high. The gambling defensive style creates turnovers but also sends opponents to the free throw line.,analysis
"His true shooting percentage of 62 percent is elite relative to his usage rate. Shot selection, not athleticism, is the main efficiency driver.",analysis
This team is a fraud. Their record flatters them and they will be exposed in the first round the moment they face a real defense.,hot_take
Just found out about the trade while eating lunch and I almost choked. I need a minute. This franchise just gave up on the season.,reaction
"The NBA has a star-call bias and everyone inside the league knows it. When a player reaches a certain commercial value, the rules apply differently.",hot_take
"Clutch performance splits show 44 percent shooting in clutch possessions versus 38 percent overall. The improvement under pressure is statistically meaningful, not noise.",analysis
This team rebuild is a lie. They are not rebuilding. They are tanking while management collects revenue sharing and tells the fanbase a different story.,hot_take
Still shaking slightly after that finish. I know it is irrational. I know it is just sports. And I also know I would not trade this feeling for anything.,reaction
I was not paying attention for thirty seconds and somehow missed the most important play of the season. I had to watch the replay four times to believe it.,reaction
I had already accepted the loss. I was typing the grievance post. Then he hit that three. I deleted everything. I owe this team an apology.,reaction
Their offensive rebounding strategy costs approximately 4.2 fast-break points allowed per game. Whether that cost is justified depends on the offensive rebound conversion rate.,analysis
My voice is completely gone. Just got back from the arena. I have been to hundreds of games and I have never heard it that loud.,reaction
I recorded my reaction on video when he hit that buzzer-beater and I watched it back and I was a complete mess. Embarrassing. Absolutely worth it.,reaction
I went from grief to complete euphoria in the span of four seconds. That is what sports are. Nothing scripted could make you feel that.,reaction
This player will regret forcing his trade the moment he realizes the team he left was the best shot at a championship he was ever going to have.,hot_take
Second unit offensive rebound rate is exceptional at 28.3 percent. They generate second-chance opportunities at an elite rate that compensates for first-shot quality.,analysis
"Their lineup entropy, measured by unique two-man combinations used, is the highest in the league at 147. That either signals deep roster confidence or schematic uncertainty.",analysis
Free throw attempt rate declined without a corresponding change in drive frequency. Either officiating patterns shifted or contact-avoidance behavior changed.,analysis
"Assist-to-turnover ratio correlates almost perfectly with their wins and losses this season: 2.4 in wins, 1.8 in losses.",analysis
His catch-and-shoot efficiency from three ranks fourth leaguewide at 43 percent. Off-ball movement is being significantly undervalued in box-score analysis.,analysis
"This player forced his trade and people still celebrate him. He quit on a franchise, demanded a move, and got rewarded with a championship. Wrong lesson.",hot_take
The way the crowd reacted when he came back from injury in the second half gave me chills through the television screen. Incredible atmosphere.,reaction
Their defensive versatility allows switching one through five on ball screens. Only two teams in the league can claim comparable positional flexibility.,analysis
That game-winner tonight made me cry. I have been a fan through the bad years. This moment is what it is all for.,reaction
The way his teammates celebrated with him after that game-winning play told you everything about the locker room culture. Genuine joy for each other. Beautiful.,reaction
The atmosphere in that building during crunch time tonight was the loudest sustained crowd noise I have ever heard at a basketball game. Energy was insane.,reaction
"Second-chance point rate of 28.3 percent for the second unit is exceptional, generating extra possessions that compensate for lower first-shot quality.",analysis
"That ankle-break just happened live and I am still processing it. He went one way, the defender went the other way, the crowd went completely silent then erupted.",reaction
"Their frontcourt combination has a defensive rating of 102.1 over 312 possessions together. That sample is sufficient to treat the number as signal, not noise.",analysis
Their pick-and-roll coverage varies between hedge and drop without a discernible pattern. That inconsistency is both a coverage strength and a scouting vulnerability.,analysis
The fourth-quarter net rating of minus-1.2 is a meaningful regression from the team overall net rating of plus-6. Late-game execution specifically is the gap.,analysis
This player is a top-5 player right now. Nobody admits it because small-market bias is embarrassing and everyone knows it.,hot_take
The halftime score made me feel sick. By the end of the fourth quarter I was screaming. This team does things to my nervous system that are not healthy.,reaction
The zone defense is analytically optimal given their personnel: two shot-blocking bigs cover the middle while guards deny the three-point line.,analysis
"The team's late-game inbound execution ranks second in points per possession on designed plays, reflecting careful preparation in a coachable situation.",analysis
That sequence in the final minute was the most basketball minutes I have watched in years. Five plays in a row that each deserved their own highlight.,reaction
